"time","metric","scenario","group","load_zone","tags","count","min","mean","max","last"
"2024-02-29T13:14:09+00:00","load_generator_file_handles","","","amazon:us:columbus","{'instance_id': '0'}",2,160.0,160.0,160.0,160.0
"2024-02-29T13:14:12+00:00","load_generator_file_handles","","","amazon:us:columbus","{'instance_id': '0'}",3,160.0,160.0,160.0,160.0
"2024-02-29T13:14:15+00:00","load_generator_file_handles","","","amazon:us:columbus","{'instance_id': '0'}",3,160.0,160.0,160.0,160.0
"2024-02-29T13:14:18+00:00","load_generator_file_handles","","","amazon:us:columbus","{'instance_id': '0'}",3,160.0,160.0,160.0,160.0
"2024-02-29T13:14:21+00:00","load_generator_file_handles","","","amazon:us:columbus","{'instance_id': '0'}",3,160.0,160.0,160.0,160.0
"2024-02-29T13:14:24+00:00","load_generator_file_handles","","","amazon:us:columbus","{'instance_id': '0'}",3,160.0,160.0,160.0,160.0
"2024-02-29T13:14:27+00:00","load_generator_file_handles","","","amazon:us:columbus","{'instance_id': '0'}",3,160.0,160.0,160.0,160.0
"2024-02-29T13:14:30+00:00","load_generator_file_handles","","","amazon:us:columbus","{'instance_id': '0'}",3,160.0,160.0,160.0,160.0
"2024-02-29T13:14:33+00:00","load_generator_file_handles","","","amazon:us:columbus","{'instance_id': '0'}",3,192.0,181.333333333333,160.0,192.0
"2024-02-29T13:14:36+00:00","load_generator_file_handles","","","amazon:us:columbus","{'instance_id': '0'}",3,192.0,192.0,192.0,192.0
"2024-02-29T13:14:39+00:00","load_generator_file_handles","","","amazon:us:columbus","{'instance_id': '0'}",3,192.0,192.0,192.0,192.0
"2024-02-29T13:14:42+00:00","load_generator_file_handles","","","amazon:us:columbus","{'instance_id': '0'}",3,192.0,181.333333333333,160.0,160.0
"2024-02-29T13:14:45+00:00","load_generator_file_handles","","","amazon:us:columbus","{'instance_id': '0'}",3,160.0,160.0,160.0,160.0
"2024-02-29T13:14:48+00:00","load_generator_file_handles","","","amazon:us:columbus","{'instance_id': '0'}",3,160.0,160.0,160.0,160.0
"2024-02-29T13:14:51+00:00","load_generator_file_handles","","","amazon:us:columbus","{'instance_id': '0'}",3,160.0,160.0,160.0,160.0
"2024-02-29T13:14:54+00:00","load_generator_file_handles","","","amazon:us:columbus","{'instance_id': '0'}",3,160.0,160.0,160.0,160.0
"2024-02-29T13:14:57+00:00","load_generator_file_handles","","","amazon:us:columbus","{'instance_id': '0'}",3,160.0,160.0,160.0,160.0
"2024-02-29T13:15:00+00:00","load_generator_file_handles","","","amazon:us:columbus","{'instance_id': '0'}",3,160.0,160.0,160.0,160.0
"2024-02-29T13:15:03+00:00","load_generator_file_handles","","","amazon:us:columbus","{'instance_id': '0'}",3,160.0,160.0,160.0,160.0
"2024-02-29T13:15:06+00:00","load_generator_file_handles","","","amazon:us:columbus","{'instance_id': '0'}",3,160.0,160.0,160.0,160.0
"2024-02-29T13:15:09+00:00","load_generator_file_handles","","","amazon:us:columbus","{'instance_id': '0'}",3,160.0,160.0,160.0,160.0
"2024-02-29T13:15:12+00:00","load_generator_file_handles","","","amazon:us:columbus","{'instance_id': '0'}",3,160.0,160.0,160.0,160.0
"2024-02-29T13:15:15+00:00","load_generator_file_handles","","","amazon:us:columbus","{'instance_id': '0'}",3,160.0,160.0,160.0,160.0
"2024-02-29T13:15:18+00:00","load_generator_file_handles","","","amazon:us:columbus","{'instance_id': '0'}",3,160.0,160.0,160.0,160.0
"2024-02-29T13:15:21+00:00","load_generator_file_handles","","","amazon:us:columbus","{'instance_id': '0'}",3,160.0,160.0,160.0,160.0
"2024-02-29T13:15:24+00:00","load_generator_file_handles","","","amazon:us:columbus","{'instance_id': '0'}",3,192.0,192.0,192.0,192.0
"2024-02-29T13:15:27+00:00","load_generator_file_handles","","","amazon:us:columbus","{'instance_id': '0'}",3,192.0,192.0,192.0,192.0
"2024-02-29T13:15:30+00:00","load_generator_file_handles","","","amazon:us:columbus","{'instance_id': '0'}",3,192.0,192.0,192.0,192.0
"2024-02-29T13:15:33+00:00","load_generator_file_handles","","","amazon:us:columbus","{'instance_id': '0'}",3,192.0,170.666666666667,160.0,160.0
"2024-02-29T13:15:36+00:00","load_generator_file_handles","","","amazon:us:columbus","{'instance_id': '0'}",3,160.0,160.0,160.0,160.0
"2024-02-29T13:15:39+00:00","load_generator_file_handles","","","amazon:us:columbus","{'instance_id': '0'}",3,160.0,160.0,160.0,160.0
"2024-02-29T13:15:42+00:00","load_generator_file_handles","","","amazon:us:columbus","{'instance_id': '0'}",3,160.0,160.0,160.0,160.0
"2024-02-29T13:15:45+00:00","load_generator_file_handles","","","amazon:us:columbus","{'instance_id': '0'}",3,160.0,160.0,160.0,160.0
"2024-02-29T13:15:48+00:00","load_generator_file_handles","","","amazon:us:columbus","{'instance_id': '0'}",3,160.0,160.0,160.0,160.0
"2024-02-29T13:15:51+00:00","load_generator_file_handles","","","amazon:us:columbus","{'instance_id': '0'}",3,160.0,160.0,160.0,160.0
"2024-02-29T13:15:54+00:00","load_generator_file_handles","","","amazon:us:columbus","{'instance_id': '0'}",3,160.0,160.0,160.0,160.0
"2024-02-29T13:15:57+00:00","load_generator_file_handles","","","amazon:us:columbus","{'instance_id': '0'}",3,160.0,160.0,160.0,160.0
"2024-02-29T13:16:00+00:00","load_generator_file_handles","","","amazon:us:columbus","{'instance_id': '0'}",3,160.0,160.0,160.0,160.0
"2024-02-29T13:16:03+00:00","load_generator_file_handles","","","amazon:us:columbus","{'instance_id': '0'}",3,160.0,160.0,160.0,160.0
"2024-02-29T13:16:06+00:00","load_generator_file_handles","","","amazon:us:columbus","{'instance_id': '0'}",3,160.0,160.0,160.0,160.0
"2024-02-29T13:16:09+00:00","load_generator_file_handles","","","amazon:us:columbus","{'instance_id': '0'}",3,160.0,160.0,160.0,160.0
"2024-02-29T13:16:12+00:00","load_generator_file_handles","","","amazon:us:columbus","{'instance_id': '0'}",3,192.0,181.333333333333,160.0,192.0
"2024-02-29T13:16:15+00:00","load_generator_file_handles","","","amazon:us:columbus","{'instance_id': '0'}",3,192.0,192.0,192.0,192.0
"2024-02-29T13:16:18+00:00","load_generator_file_handles","","","amazon:us:columbus","{'instance_id': '0'}",3,192.0,192.0,192.0,192.0
"2024-02-29T13:16:21+00:00","load_generator_file_handles","","","amazon:us:columbus","{'instance_id': '0'}",3,192.0,192.0,192.0,192.0
"2024-02-29T13:16:24+00:00","load_generator_file_handles","","","amazon:us:columbus","{'instance_id': '0'}",3,192.0,192.0,192.0,192.0
"2024-02-29T13:16:27+00:00","load_generator_file_handles","","","amazon:us:columbus","{'instance_id': '0'}",3,192.0,192.0,192.0,192.0
"2024-02-29T13:16:30+00:00","load_generator_file_handles","","","amazon:us:columbus","{'instance_id': '0'}",3,192.0,192.0,192.0,192.0
"2024-02-29T13:16:33+00:00","load_generator_file_handles","","","amazon:us:columbus","{'instance_id': '0'}",3,192.0,192.0,192.0,192.0
"2024-02-29T13:16:36+00:00","load_generator_file_handles","","","amazon:us:columbus","{'instance_id': '0'}",3,192.0,192.0,192.0,192.0
"2024-02-29T13:16:39+00:00","load_generator_file_handles","","","amazon:us:columbus","{'instance_id': '0'}",3,192.0,192.0,192.0,192.0
"2024-02-29T13:16:42+00:00","load_generator_file_handles","","","amazon:us:columbus","{'instance_id': '0'}",3,192.0,192.0,192.0,192.0
"2024-02-29T13:16:45+00:00","load_generator_file_handles","","","amazon:us:columbus","{'instance_id': '0'}",3,192.0,192.0,192.0,192.0
"2024-02-29T13:16:48+00:00","load_generator_file_handles","","","amazon:us:columbus","{'instance_id': '0'}",3,192.0,192.0,192.0,192.0
"2024-02-29T13:16:51+00:00","load_generator_file_handles","","","amazon:us:columbus","{'instance_id': '0'}",3,192.0,192.0,192.0,192.0
"2024-02-29T13:16:54+00:00","load_generator_file_handles","","","amazon:us:columbus","{'instance_id': '0'}",3,192.0,192.0,192.0,192.0
"2024-02-29T13:16:57+00:00","load_generator_file_handles","","","amazon:us:columbus","{'instance_id': '0'}",3,192.0,192.0,192.0,192.0
"2024-02-29T13:17:00+00:00","load_generator_file_handles","","","amazon:us:columbus","{'instance_id': '0'}",3,192.0,192.0,192.0,192.0
"2024-02-29T13:17:03+00:00","load_generator_file_handles","","","amazon:us:columbus","{'instance_id': '0'}",3,192.0,192.0,192.0,192.0
"2024-02-29T13:17:06+00:00","load_generator_file_handles","","","amazon:us:columbus","{'instance_id': '0'}",3,192.0,192.0,192.0,192.0
"2024-02-29T13:17:09+00:00","load_generator_file_handles","","","amazon:us:columbus","{'instance_id': '0'}",3,192.0,192.0,192.0,192.0
"2024-02-29T13:17:12+00:00","load_generator_file_handles","","","amazon:us:columbus","{'instance_id': '0'}",3,192.0,192.0,192.0,192.0
"2024-02-29T13:17:15+00:00","load_generator_file_handles","","","amazon:us:columbus","{'instance_id': '0'}",3,192.0,192.0,192.0,192.0
"2024-02-29T13:17:18+00:00","load_generator_file_handles","","","amazon:us:columbus","{'instance_id': '0'}",3,192.0,192.0,192.0,192.0
"2024-02-29T13:17:21+00:00","load_generator_file_handles","","","amazon:us:columbus","{'instance_id': '0'}",3,192.0,192.0,192.0,192.0
"2024-02-29T13:17:24+00:00","load_generator_file_handles","","","amazon:us:columbus","{'instance_id': '0'}",3,192.0,192.0,192.0,192.0
"2024-02-29T13:17:27+00:00","load_generator_file_handles","","","amazon:us:columbus","{'instance_id': '0'}",3,192.0,192.0,192.0,192.0
"2024-02-29T13:17:30+00:00","load_generator_file_handles","","","amazon:us:columbus","{'instance_id': '0'}",3,192.0,192.0,192.0,192.0
"2024-02-29T13:17:33+00:00","load_generator_file_handles","","","amazon:us:columbus","{'instance_id': '0'}",3,192.0,192.0,192.0,192.0
"2024-02-29T13:17:36+00:00","load_generator_file_handles","","","amazon:us:columbus","{'instance_id': '0'}",3,192.0,192.0,192.0,192.0
"2024-02-29T13:17:39+00:00","load_generator_file_handles","","","amazon:us:columbus","{'instance_id': '0'}",3,192.0,192.0,192.0,192.0
"2024-02-29T13:17:42+00:00","load_generator_file_handles","","","amazon:us:columbus","{'instance_id': '0'}",3,192.0,192.0,192.0,192.0
"2024-02-29T13:17:45+00:00","load_generator_file_handles","","","amazon:us:columbus","{'instance_id': '0'}",3,192.0,192.0,192.0,192.0
"2024-02-29T13:17:48+00:00","load_generator_file_handles","","","amazon:us:columbus","{'instance_id': '0'}",3,192.0,192.0,192.0,192.0
"2024-02-29T13:17:51+00:00","load_generator_file_handles","","","amazon:us:columbus","{'instance_id': '0'}",3,192.0,192.0,192.0,192.0
"2024-02-29T13:17:54+00:00","load_generator_file_handles","","","amazon:us:columbus","{'instance_id': '0'}",3,192.0,192.0,192.0,192.0
"2024-02-29T13:17:57+00:00","load_generator_file_handles","","","amazon:us:columbus","{'instance_id': '0'}",3,192.0,192.0,192.0,192.0
"2024-02-29T13:18:00+00:00","load_generator_file_handles","","","amazon:us:columbus","{'instance_id': '0'}",3,192.0,192.0,192.0,192.0
"2024-02-29T13:18:03+00:00","load_generator_file_handles","","","amazon:us:columbus","{'instance_id': '0'}",3,192.0,192.0,192.0,192.0
"2024-02-29T13:18:06+00:00","load_generator_file_handles","","","amazon:us:columbus","{'instance_id': '0'}",3,192.0,192.0,192.0,192.0
"2024-02-29T13:18:09+00:00","load_generator_file_handles","","","amazon:us:columbus","{'instance_id': '0'}",3,192.0,192.0,192.0,192.0
"2024-02-29T13:18:12+00:00","load_generator_file_handles","","","amazon:us:columbus","{'instance_id': '0'}",3,192.0,192.0,192.0,192.0
"2024-02-29T13:18:15+00:00","load_generator_file_handles","","","amazon:us:columbus","{'instance_id': '0'}",3,192.0,192.0,192.0,192.0
"2024-02-29T13:18:18+00:00","load_generator_file_handles","","","amazon:us:columbus","{'instance_id': '0'}",3,192.0,192.0,192.0,192.0
"2024-02-29T13:18:21+00:00","load_generator_file_handles","","","amazon:us:columbus","{'instance_id': '0'}",3,192.0,192.0,192.0,192.0
"2024-02-29T13:18:24+00:00","load_generator_file_handles","","","amazon:us:columbus","{'instance_id': '0'}",3,192.0,192.0,192.0,192.0
"2024-02-29T13:18:27+00:00","load_generator_file_handles","","","amazon:us:columbus","{'instance_id': '0'}",3,192.0,192.0,192.0,192.0
"2024-02-29T13:18:30+00:00","load_generator_file_handles","","","amazon:us:columbus","{'instance_id': '0'}",3,192.0,192.0,192.0,192.0
"2024-02-29T13:18:33+00:00","load_generator_file_handles","","","amazon:us:columbus","{'instance_id': '0'}",3,192.0,192.0,192.0,192.0
"2024-02-29T13:18:36+00:00","load_generator_file_handles","","","amazon:us:columbus","{'instance_id': '0'}",3,192.0,192.0,192.0,192.0
"2024-02-29T13:18:39+00:00","load_generator_file_handles","","","amazon:us:columbus","{'instance_id': '0'}",3,192.0,192.0,192.0,192.0
"2024-02-29T13:18:42+00:00","load_generator_file_handles","","","amazon:us:columbus","{'instance_id': '0'}",3,192.0,192.0,192.0,192.0
"2024-02-29T13:18:45+00:00","load_generator_file_handles","","","amazon:us:columbus","{'instance_id': '0'}",3,192.0,192.0,192.0,192.0
"2024-02-29T13:18:48+00:00","load_generator_file_handles","","","amazon:us:columbus","{'instance_id': '0'}",3,192.0,192.0,192.0,192.0
"2024-02-29T13:18:51+00:00","load_generator_file_handles","","","amazon:us:columbus","{'instance_id': '0'}",3,192.0,192.0,192.0,192.0
"2024-02-29T13:18:54+00:00","load_generator_file_handles","","","amazon:us:columbus","{'instance_id': '0'}",3,192.0,192.0,192.0,192.0
"2024-02-29T13:18:57+00:00","load_generator_file_handles","","","amazon:us:columbus","{'instance_id': '0'}",3,192.0,192.0,192.0,192.0
"2024-02-29T13:19:00+00:00","load_generator_file_handles","","","amazon:us:columbus","{'instance_id': '0'}",3,192.0,192.0,192.0,192.0
"2024-02-29T13:19:03+00:00","load_generator_file_handles","","","amazon:us:columbus","{'instance_id': '0'}",3,192.0,192.0,192.0,192.0
"2024-02-29T13:19:06+00:00","load_generator_file_handles","","","amazon:us:columbus","{'instance_id': '0'}",3,192.0,192.0,192.0,192.0
"2024-02-29T13:19:09+00:00","load_generator_file_handles","","","amazon:us:columbus","{'instance_id': '0'}",3,192.0,192.0,192.0,192.0
"2024-02-29T13:19:12+00:00","load_generator_file_handles","","","amazon:us:columbus","{'instance_id': '0'}",3,192.0,192.0,192.0,192.0
"2024-02-29T13:19:15+00:00","load_generator_file_handles","","","amazon:us:columbus","{'instance_id': '0'}",3,192.0,192.0,192.0,192.0
"2024-02-29T13:19:18+00:00","load_generator_file_handles","","","amazon:us:columbus","{'instance_id': '0'}",3,192.0,192.0,192.0,192.0
"2024-02-29T13:19:21+00:00","load_generator_file_handles","","","amazon:us:columbus","{'instance_id': '0'}",3,192.0,192.0,192.0,192.0
"2024-02-29T13:19:24+00:00","load_generator_file_handles","","","amazon:us:columbus","{'instance_id': '0'}",3,192.0,192.0,192.0,192.0
"2024-02-29T13:19:27+00:00","load_generator_file_handles","","","amazon:us:columbus","{'instance_id': '0'}",3,192.0,192.0,192.0,192.0
"2024-02-29T13:19:30+00:00","load_generator_file_handles","","","amazon:us:columbus","{'instance_id': '0'}",3,192.0,192.0,192.0,192.0
"2024-02-29T13:19:33+00:00","load_generator_file_handles","","","amazon:us:columbus","{'instance_id': '0'}",3,192.0,192.0,192.0,192.0
"2024-02-29T13:19:36+00:00","load_generator_file_handles","","","amazon:us:columbus","{'instance_id': '0'}",3,192.0,192.0,192.0,192.0
"2024-02-29T13:19:39+00:00","load_generator_file_handles","","","amazon:us:columbus","{'instance_id': '0'}",3,192.0,192.0,192.0,192.0
"2024-02-29T13:19:42+00:00","load_generator_file_handles","","","amazon:us:columbus","{'instance_id': '0'}",3,192.0,192.0,192.0,192.0
"2024-02-29T13:19:45+00:00","load_generator_file_handles","","","amazon:us:columbus","{'instance_id': '0'}",3,192.0,192.0,192.0,192.0
"2024-02-29T13:19:48+00:00","load_generator_file_handles","","","amazon:us:columbus","{'instance_id': '0'}",3,192.0,192.0,192.0,192.0
"2024-02-29T13:19:51+00:00","load_generator_file_handles","","","amazon:us:columbus","{'instance_id': '0'}",3,224.0,202.666666666667,192.0,224.0
"2024-02-29T13:19:54+00:00","load_generator_file_handles","","","amazon:us:columbus","{'instance_id': '0'}",3,224.0,224.0,224.0,224.0
"2024-02-29T13:19:57+00:00","load_generator_file_handles","","","amazon:us:columbus","{'instance_id': '0'}",3,224.0,224.0,224.0,224.0
"2024-02-29T13:20:00+00:00","load_generator_file_handles","","","amazon:us:columbus","{'instance_id': '0'}",3,224.0,224.0,224.0,224.0
"2024-02-29T13:20:03+00:00","load_generator_file_handles","","","amazon:us:columbus","{'instance_id': '0'}",3,224.0,224.0,224.0,224.0
"2024-02-29T13:20:06+00:00","load_generator_file_handles","","","amazon:us:columbus","{'instance_id': '0'}",3,224.0,224.0,224.0,224.0
"2024-02-29T13:20:09+00:00","load_generator_file_handles","","","amazon:us:columbus","{'instance_id': '0'}",3,224.0,224.0,224.0,224.0
"2024-02-29T13:20:12+00:00","load_generator_file_handles","","","amazon:us:columbus","{'instance_id': '0'}",3,224.0,224.0,224.0,224.0
"2024-02-29T13:20:15+00:00","load_generator_file_handles","","","amazon:us:columbus","{'instance_id': '0'}",3,224.0,224.0,224.0,224.0
"2024-02-29T13:20:18+00:00","load_generator_file_handles","","","amazon:us:columbus","{'instance_id': '0'}",3,224.0,224.0,224.0,224.0
"2024-02-29T13:20:21+00:00","load_generator_file_handles","","","amazon:us:columbus","{'instance_id': '0'}",3,224.0,224.0,224.0,224.0
"2024-02-29T13:20:24+00:00","load_generator_file_handles","","","amazon:us:columbus","{'instance_id': '0'}",3,224.0,224.0,224.0,224.0
"2024-02-29T13:20:27+00:00","load_generator_file_handles","","","amazon:us:columbus","{'instance_id': '0'}",3,224.0,224.0,224.0,224.0
"2024-02-29T13:20:30+00:00","load_generator_file_handles","","","amazon:us:columbus","{'instance_id': '0'}",3,224.0,224.0,224.0,224.0
"2024-02-29T13:20:33+00:00","load_generator_file_handles","","","amazon:us:columbus","{'instance_id': '0'}",3,224.0,224.0,224.0,224.0
"2024-02-29T13:20:36+00:00","load_generator_file_handles","","","amazon:us:columbus","{'instance_id': '0'}",3,224.0,224.0,224.0,224.0
"2024-02-29T13:20:39+00:00","load_generator_file_handles","","","amazon:us:columbus","{'instance_id': '0'}",3,224.0,224.0,224.0,224.0
"2024-02-29T13:20:42+00:00","load_generator_file_handles","","","amazon:us:columbus","{'instance_id': '0'}",3,224.0,224.0,224.0,224.0
"2024-02-29T13:20:45+00:00","load_generator_file_handles","","","amazon:us:columbus","{'instance_id': '0'}",3,224.0,224.0,224.0,224.0
"2024-02-29T13:20:48+00:00","load_generator_file_handles","","","amazon:us:columbus","{'instance_id': '0'}",3,224.0,224.0,224.0,224.0
"2024-02-29T13:20:51+00:00","load_generator_file_handles","","","amazon:us:columbus","{'instance_id': '0'}",3,224.0,224.0,224.0,224.0
"2024-02-29T13:20:54+00:00","load_generator_file_handles","","","amazon:us:columbus","{'instance_id': '0'}",3,224.0,224.0,224.0,224.0
"2024-02-29T13:20:57+00:00","load_generator_file_handles","","","amazon:us:columbus","{'instance_id': '0'}",3,224.0,224.0,224.0,224.0
"2024-02-29T13:21:00+00:00","load_generator_file_handles","","","amazon:us:columbus","{'instance_id': '0'}",3,224.0,224.0,224.0,224.0
"2024-02-29T13:21:03+00:00","load_generator_file_handles","","","amazon:us:columbus","{'instance_id': '0'}",3,224.0,224.0,224.0,224.0
"2024-02-29T13:21:06+00:00","load_generator_file_handles","","","amazon:us:columbus","{'instance_id': '0'}",3,224.0,224.0,224.0,224.0
"2024-02-29T13:21:09+00:00","load_generator_file_handles","","","amazon:us:columbus","{'instance_id': '0'}",3,224.0,224.0,224.0,224.0
"2024-02-29T13:21:12+00:00","load_generator_file_handles","","","amazon:us:columbus","{'instance_id': '0'}",3,256.0,245.333333333333,224.0,256.0
"2024-02-29T13:21:15+00:00","load_generator_file_handles","","","amazon:us:columbus","{'instance_id': '0'}",3,256.0,234.666666666667,224.0,224.0
"2024-02-29T13:21:18+00:00","load_generator_file_handles","","","amazon:us:columbus","{'instance_id': '0'}",3,224.0,224.0,224.0,224.0
"2024-02-29T13:21:21+00:00","load_generator_file_handles","","","amazon:us:columbus","{'instance_id': '0'}",3,224.0,224.0,224.0,224.0
"2024-02-29T13:21:24+00:00","load_generator_file_handles","","","amazon:us:columbus","{'instance_id': '0'}",3,224.0,224.0,224.0,224.0
"2024-02-29T13:21:27+00:00","load_generator_file_handles","","","amazon:us:columbus","{'instance_id': '0'}",3,224.0,224.0,224.0,224.0
"2024-02-29T13:21:30+00:00","load_generator_file_handles","","","amazon:us:columbus","{'instance_id': '0'}",3,224.0,224.0,224.0,224.0
"2024-02-29T13:21:33+00:00","load_generator_file_handles","","","amazon:us:columbus","{'instance_id': '0'}",3,224.0,224.0,224.0,224.0
"2024-02-29T13:21:36+00:00","load_generator_file_handles","","","amazon:us:columbus","{'instance_id': '0'}",3,224.0,224.0,224.0,224.0
"2024-02-29T13:21:39+00:00","load_generator_file_handles","","","amazon:us:columbus","{'instance_id': '0'}",3,224.0,224.0,224.0,224.0
"2024-02-29T13:21:42+00:00","load_generator_file_handles","","","amazon:us:columbus","{'instance_id': '0'}",3,224.0,224.0,224.0,224.0
"2024-02-29T13:21:45+00:00","load_generator_file_handles","","","amazon:us:columbus","{'instance_id': '0'}",3,224.0,224.0,224.0,224.0
"2024-02-29T13:21:48+00:00","load_generator_file_handles","","","amazon:us:columbus","{'instance_id': '0'}",3,224.0,224.0,224.0,224.0
"2024-02-29T13:21:51+00:00","load_generator_file_handles","","","amazon:us:columbus","{'instance_id': '0'}",3,224.0,224.0,224.0,224.0
"2024-02-29T13:21:54+00:00","load_generator_file_handles","","","amazon:us:columbus","{'instance_id': '0'}",3,224.0,224.0,224.0,224.0
"2024-02-29T13:21:57+00:00","load_generator_file_handles","","","amazon:us:columbus","{'instance_id': '0'}",3,224.0,224.0,224.0,224.0
"2024-02-29T13:22:00+00:00","load_generator_file_handles","","","amazon:us:columbus","{'instance_id': '0'}",3,224.0,224.0,224.0,224.0
"2024-02-29T13:22:03+00:00","load_generator_file_handles","","","amazon:us:columbus","{'instance_id': '0'}",3,224.0,224.0,224.0,224.0
"2024-02-29T13:22:06+00:00","load_generator_file_handles","","","amazon:us:columbus","{'instance_id': '0'}",3,224.0,224.0,224.0,224.0
"2024-02-29T13:22:09+00:00","load_generator_file_handles","","","amazon:us:columbus","{'instance_id': '0'}",3,224.0,224.0,224.0,224.0
"2024-02-29T13:22:12+00:00","load_generator_file_handles","","","amazon:us:columbus","{'instance_id': '0'}",3,224.0,224.0,224.0,224.0
"2024-02-29T13:22:15+00:00","load_generator_file_handles","","","amazon:us:columbus","{'instance_id': '0'}",3,224.0,224.0,224.0,224.0
"2024-02-29T13:22:18+00:00","load_generator_file_handles","","","amazon:us:columbus","{'instance_id': '0'}",3,224.0,224.0,224.0,224.0
"2024-02-29T13:22:21+00:00","load_generator_file_handles","","","amazon:us:columbus","{'instance_id': '0'}",3,256.0,234.666666666667,224.0,256.0
"2024-02-29T13:22:24+00:00","load_generator_file_handles","","","amazon:us:columbus","{'instance_id': '0'}",3,256.0,256.0,256.0,256.0
"2024-02-29T13:22:27+00:00","load_generator_file_handles","","","amazon:us:columbus","{'instance_id': '0'}",3,256.0,245.333333333333,224.0,224.0
"2024-02-29T13:22:30+00:00","load_generator_file_handles","","","amazon:us:columbus","{'instance_id': '0'}",3,224.0,224.0,224.0,224.0
"2024-02-29T13:22:33+00:00","load_generator_file_handles","","","amazon:us:columbus","{'instance_id': '0'}",3,224.0,224.0,224.0,224.0
"2024-02-29T13:22:36+00:00","load_generator_file_handles","","","amazon:us:columbus","{'instance_id': '0'}",3,224.0,224.0,224.0,224.0
"2024-02-29T13:22:39+00:00","load_generator_file_handles","","","amazon:us:columbus","{'instance_id': '0'}",3,224.0,224.0,224.0,224.0
"2024-02-29T13:22:42+00:00","load_generator_file_handles","","","amazon:us:columbus","{'instance_id': '0'}",3,256.0,245.333333333333,224.0,256.0
"2024-02-29T13:22:45+00:00","load_generator_file_handles","","","amazon:us:columbus","{'instance_id': '0'}",3,256.0,256.0,256.0,256.0
"2024-02-29T13:22:48+00:00","load_generator_file_handles","","","amazon:us:columbus","{'instance_id': '0'}",3,256.0,256.0,256.0,256.0
"2024-02-29T13:22:51+00:00","load_generator_file_handles","","","amazon:us:columbus","{'instance_id': '0'}",3,256.0,256.0,256.0,256.0
"2024-02-29T13:22:54+00:00","load_generator_file_handles","","","amazon:us:columbus","{'instance_id': '0'}",3,256.0,256.0,256.0,256.0
"2024-02-29T13:22:57+00:00","load_generator_file_handles","","","amazon:us:columbus","{'instance_id': '0'}",3,256.0,256.0,256.0,256.0
"2024-02-29T13:23:00+00:00","load_generator_file_handles","","","amazon:us:columbus","{'instance_id': '0'}",3,256.0,256.0,256.0,256.0
"2024-02-29T13:23:03+00:00","load_generator_file_handles","","","amazon:us:columbus","{'instance_id': '0'}",3,224.0,224.0,224.0,224.0
"2024-02-29T13:23:06+00:00","load_generator_file_handles","","","amazon:us:columbus","{'instance_id': '0'}",3,224.0,224.0,224.0,224.0
"2024-02-29T13:23:09+00:00","load_generator_file_handles","","","amazon:us:columbus","{'instance_id': '0'}",3,224.0,224.0,224.0,224.0
"2024-02-29T13:23:12+00:00","load_generator_file_handles","","","amazon:us:columbus","{'instance_id': '0'}",3,224.0,224.0,224.0,224.0
"2024-02-29T13:23:15+00:00","load_generator_file_handles","","","amazon:us:columbus","{'instance_id': '0'}",3,224.0,224.0,224.0,224.0
"2024-02-29T13:23:18+00:00","load_generator_file_handles","","","amazon:us:columbus","{'instance_id': '0'}",3,224.0,224.0,224.0,224.0
"2024-02-29T13:23:21+00:00","load_generator_file_handles","","","amazon:us:columbus","{'instance_id': '0'}",3,256.0,234.666666666667,224.0,256.0
"2024-02-29T13:23:24+00:00","load_generator_file_handles","","","amazon:us:columbus","{'instance_id': '0'}",3,256.0,256.0,256.0,256.0
"2024-02-29T13:23:27+00:00","load_generator_file_handles","","","amazon:us:columbus","{'instance_id': '0'}",3,256.0,256.0,256.0,256.0
"2024-02-29T13:23:30+00:00","load_generator_file_handles","","","amazon:us:columbus","{'instance_id': '0'}",3,256.0,256.0,256.0,256.0
"2024-02-29T13:23:33+00:00","load_generator_file_handles","","","amazon:us:columbus","{'instance_id': '0'}",3,256.0,256.0,256.0,256.0
"2024-02-29T13:23:36+00:00","load_generator_file_handles","","","amazon:us:columbus","{'instance_id': '0'}",3,256.0,256.0,256.0,256.0
"2024-02-29T13:23:39+00:00","load_generator_file_handles","","","amazon:us:columbus","{'instance_id': '0'}",3,256.0,256.0,256.0,256.0
"2024-02-29T13:23:42+00:00","load_generator_file_handles","","","amazon:us:columbus","{'instance_id': '0'}",3,256.0,256.0,256.0,256.0
"2024-02-29T13:23:45+00:00","load_generator_file_handles","","","amazon:us:columbus","{'instance_id': '0'}",3,256.0,256.0,256.0,256.0
"2024-02-29T13:23:48+00:00","load_generator_file_handles","","","amazon:us:columbus","{'instance_id': '0'}",3,256.0,256.0,256.0,256.0
"2024-02-29T13:23:51+00:00","load_generator_file_handles","","","amazon:us:columbus","{'instance_id': '0'}",3,256.0,256.0,256.0,256.0
"2024-02-29T13:23:54+00:00","load_generator_file_handles","","","amazon:us:columbus","{'instance_id': '0'}",3,256.0,256.0,256.0,256.0
"2024-02-29T13:23:57+00:00","load_generator_file_handles","","","amazon:us:columbus","{'instance_id': '0'}",3,256.0,256.0,256.0,256.0
"2024-02-29T13:24:00+00:00","load_generator_file_handles","","","amazon:us:columbus","{'instance_id': '0'}",3,256.0,256.0,256.0,256.0
"2024-02-29T13:24:03+00:00","load_generator_file_handles","","","amazon:us:columbus","{'instance_id': '0'}",3,256.0,256.0,256.0,256.0
"2024-02-29T13:24:06+00:00","load_generator_file_handles","","","amazon:us:columbus","{'instance_id': '0'}",3,256.0,256.0,256.0,256.0
"2024-02-29T13:24:09+00:00","load_generator_file_handles","","","amazon:us:columbus","{'instance_id': '0'}",3,256.0,256.0,256.0,256.0
"2024-02-29T13:24:12+00:00","load_generator_file_handles","","","amazon:us:columbus","{'instance_id': '0'}",4,256.0,240.0,224.0,224.0
